Fecha y Hora,2025-10-03 13:33:54
X,Y,Z,Gauss
0.0,0.0,0.0,443.87
0.0,0.0,77.5,443.83
16.11315603837635,0.0,75.80643905686995,443.89
15.76104491918726,3.3501135163492157,75.80643905686995,443.85
14.72010050714516,6.5538109964057565,75.80643905686995,443.87
13.03581706806177,9.47107548724503,75.80643905686995,443.89
10.781805870313665,11.974408532029214,75.80643905686995,443.92
8.056578019188176,13.954402464376543,75.80643905686995,443.88
4.979239048873595,15.324522048378428,75.80643905686995,443.88
1.6842834390833907,16.024886483650786,75.80643905686995,443.79
-1.6842834390833923,16.024886483650786,75.80643905686995,443.85
-4.979239048873593,15.32452204837843,75.80643905686995,443.88
-8.056578019188171,13.954402464376544,75.80643905686995,443.84
-10.781805870313665,11.974408532029214,75.80643905686995,443.85
-13.035817068061768,9.471075487245031,75.80643905686995,443.8
-14.720100507145158,6.55381099640576,75.80643905686995,443.81
-15.76104491918726,3.3501135163492153,75.80643905686995,443.74
-16.11315603837635,1.973292496655944e-15,75.80643905686995,443.75
-15.761044919187258,-3.3501135163492184,75.80643905686995,443.71
-14.72010050714516,-6.5538109964057565,75.80643905686995,443.75
-13.035817068061771,-9.471075487245027,75.80643905686995,443.79
-10.781805870313663,-11.974408532029216,75.80643905686995,443.74
-8.056578019188182,-13.954402464376539,75.80643905686995,443.72
-4.9792390488735965,-15.324522048378428,75.80643905686995,443.77
-1.6842834390833892,-16.024886483650786,75.80643905686995,443.77
1.6842834390833832,-16.024886483650786,75.80643905686995,443.72
4.979239048873591,-15.32452204837843,75.80643905686995,443.74
8.056578019188176,-13.954402464376543,75.80643905686995,443.77
10.781805870313658,-11.97440853202922,75.80643905686995,443.84
13.035817068061768,-9.471075487245033,75.80643905686995,443.86
14.720100507145162,-6.553810996405755,75.80643905686995,443.87
15.761044919187258,-3.350113516349224,75.80643905686995,443.86
0.0,0.0,0.0,443.83,Centro
31.522089838374516,0.0,70.79977296730156,443.91
30.83325654552151,6.553810996405756,70.79977296730156,443.97
28.796861987249024,12.821189003594244,70.79977296730156,443.97
25.501906377458823,18.528219528434967,70.79977296730156,443.98
21.092395087249944,23.425477951621573,70.79977296730156,443.97
15.761044919187261,27.29893058040764,70.79977296730156,443.93
9.740861458271565,29.979288948027325,70.79977296730156,443.95
3.294955609790203,31.349408532029212,70.79977296730156,443.87
-3.2949556097902057,31.349408532029212,70.79977296730156,443.88
-9.740861458271562,29.979288948027328,70.79977296730156,443.82
-15.76104491918725,27.298930580407642,70.79977296730156,443.82
-21.092395087249944,23.425477951621573,70.79977296730156,443.89
-25.50190637745882,18.52821952843497,70.79977296730156,443.8
-28.796861987249024,12.82118900359425,70.79977296730156,443.79
-30.83325654552151,6.553810996405755,70.79977296730156,443.75
-31.522089838374516,3.860342642300066e-15,70.79977296730156,443.72
-30.833256545521508,-6.553810996405761,70.79977296730156,443.67
-28.796861987249024,-12.821189003594244,70.79977296730156,443.71
-25.501906377458827,-18.528219528434963,70.79977296730156,443.62
-21.09239508724994,-23.425477951621577,70.79977296730156,443.59
-15.761044919187272,-27.29893058040763,70.79977296730156,443.58
-9.740861458271569,-29.979288948027325,70.79977296730156,443.54
-3.2949556097902,-31.349408532029216,70.79977296730156,443.58
3.294955609790188,-31.349408532029216,70.79977296730156,443.63
9.740861458271558,-29.979288948027328,70.79977296730156,443.59
15.761044919187261,-27.29893058040764,70.79977296730156,443.62
21.09239508724993,-23.425477951621584,70.79977296730156,443.61
25.50190637745882,-18.528219528434974,70.79977296730156,443.64
28.796861987249027,-12.821189003594242,70.79977296730156,443.78
30.833256545521508,-6.5538109964057725,70.79977296730156,443.79
0.0,0.0,0.0,443.72,Centro
45.55335705266667,0.0,62.698817064058424,443.87
44.55790690643629,9.47107548724503,62.698817064058424,443.85
41.61506241583517,18.52821952843497,62.698817064058424,443.88
36.853440006437204,26.775591467970788,62.698817064058424,443.88
30.48114542633242,33.8527415768134,62.698817064058424,443.77
22.77667852633334,39.450364435272355,62.698817064058424,443.81
14.076761480103869,43.323817064058424,62.698817064058424,443.79
4.761622409397971,45.30381099640576,62.698817064058424,443.78
-4.761622409397975,45.30381099640576,62.698817064058424,443.66
-14.076761480103864,43.32381706405843,62.698817064058424,443.71
-22.776678526333324,39.45036443527236,62.698817064058424,443.61
-30.48114542633242,33.8527415768134,62.698817064058424,443.61
-36.8534400064372,26.775591467970795,62.698817064058424,443.57
-41.61506241583517,18.52821952843498,62.698817064058424,443.7
-44.55790690643629,9.47107548724503,62.698817064058424,443.66
-45.55335705266667,5.578677290496474e-15,62.698817064058424,443.63
-44.55790690643629,-9.471075487245038,62.698817064058424,443.55
-41.61506241583517,-18.52821952843497,62.698817064058424,443.57
-36.85344000643721,-26.775591467970784,62.698817064058424,443.44
-30.481145426332414,-33.8527415768134,62.698817064058424,443.4
-22.776678526333356,-39.45036443527235,62.698817064058424,443.27
-14.076761480103874,-43.323817064058424,62.698817064058424,443.32
-4.761622409397966,-45.30381099640576,62.698817064058424,443.32
4.761622409397949,-45.30381099640576,62.698817064058424,443.36
14.076761480103858,-43.32381706405843,62.698817064058424,443.4
22.77667852633334,-39.450364435272355,62.698817064058424,443.44
30.4811454263324,-33.852741576813415,62.698817064058424,443.52
36.8534400064372,-26.7755914679708,62.698817064058424,443.62
41.615062415835176,-18.528219528434967,62.698817064058424,443.72
44.55790690643629,-9.471075487245054,62.698817064058424,443.73
0.0,0.0,0.0,443.6,Centro
57.593723974498054,0.0,51.85762199281152,443.82
56.33516292298034,11.974408532029214,51.85762199281152,443.87
52.61448492562446,23.425477951621573,51.85762199281152,443.86
46.59430146470877,33.8527415768134,51.85762199281152,443.79
38.53772344552059,42.80047795162157,51.85762199281152,443.8
28.796861987249034,49.87762806046418,51.85762199281152,443.73
17.79743947745974,54.77488648365078,51.85762199281152,443.57
6.020183460915693,57.27821952843497,51.85762199281152,443.62
-6.020183460915698,57.27821952843497,51.85762199281152,443.63
-17.797439477459736,54.77488648365079,51.85762199281152,443.66
-28.796861987249013,49.87762806046418,51.85762199281152,443.64
-38.53772344552059,42.80047795162157,51.85762199281152,443.63
-46.594301464708764,33.8527415768134,51.85762199281152,443.55
-52.61448492562445,23.425477951621584,51.85762199281152,443.55
-56.33516292298034,11.974408532029212,51.85762199281152,443.51
-57.593723974498054,7.053196971634522e-15,51.85762199281152,443.43
-56.33516292298033,-11.974408532029223,51.85762199281152,443.5
-52.61448492562446,-23.425477951621573,51.85762199281152,443.33
-46.59430146470878,-33.85274157681339,51.85762199281152,443.29
-38.53772344552059,-42.80047795162158,51.85762199281152,443.29
-28.796861987249052,-49.87762806046417,51.85762199281152,443.2
-17.797439477459747,-54.77488648365078,51.85762199281152,443.14
-6.020183460915686,-57.278219528434974,51.85762199281152,443.16
6.020183460915665,-57.278219528434974,51.85762199281152,443.24
17.79743947745973,-54.77488648365079,51.85762199281152,443.37
28.796861987249034,-49.87762806046418,51.85762199281152,443.4
38.53772344552057,-42.800477951621595,51.85762199281152,443.45
46.594301464708764,-33.85274157681341,51.85762199281152,443.59
52.61448492562447,-23.42547795162157,51.85762199281152,443.78
56.33516292298033,-11.974408532029244,51.85762199281152,443.87
0.0,0.0,0.0,443.63,Centro
67.11696879329399,0.0,38.75000000000001,443.95
65.65030199368623,13.954402464376543,38.75000000000001,443.96
61.31440197185392,27.29893058040764,38.75000000000001,443.95
54.29876836470785,39.450364435272355,38.75000000000001,443.87
44.91001802562538,49.87762806046418,38.75000000000001,443.86
33.558484396647,58.12499999999999,38.75000000000001,443.71
20.740283968060854,63.83203052484072,38.75000000000001,443.63
7.015633607146074,66.74929501567999,38.75000000000001,443.69
-7.015633607146081,66.74929501567999,38.75000000000001,443.55
-20.740283968060847,63.832030524840725,38.75000000000001,443.58
-33.55848439664698,58.125,38.75000000000001,443.59
-44.91001802562538,49.87762806046418,38.75000000000001,443.6
-54.29876836470784,39.45036443527236,38.75000000000001,443.69
-61.31440197185391,27.298930580407653,38.75000000000001,443.63
-65.65030199368623,13.95440246437654,38.75000000000001,443.6
-67.11696879329399,8.219458100118028e-15,38.75000000000001,443.59
-65.65030199368623,-13.954402464376553,38.75000000000001,443.51
-61.31440197185392,-27.29893058040764,38.75000000000001,443.46
-54.298768364707854,-39.45036443527235,38.75000000000001,443.42
-44.91001802562537,-49.87762806046419,38.75000000000001,443.28
-33.558484396647025,-58.12499999999998,38.75000000000001,443.17
-20.74028396806086,-63.83203052484072,38.75000000000001,443.13
-7.015633607146068,-66.74929501568,38.75000000000001,443.13
7.015633607146043,-66.74929501568,38.75000000000001,443.13
20.740283968060837,-63.832030524840725,38.75000000000001,443.19
33.558484396647,-58.12499999999999,38.75000000000001,443.33
44.91001802562535,-49.877628060464204,38.75000000000001,443.37
54.29876836470784,-39.45036443527237,38.75000000000001,443.6
61.314401971853925,-27.298930580407635,38.75000000000001,443.68
65.65030199368623,-13.954402464376578,38.75000000000001,443.8
0.0,0.0,0.0,443.63,Centro
73.7068800128744,0.0,23.948817064058428,443.95
72.09620784216759,15.324522048378427,23.948817064058428,443.93
67.33458543276961,29.979288948027325,23.948817064058428,443.91
59.63011853277053,43.32381706405842,23.948817064058428,443.89
49.31952931583425,54.77488648365078,23.948817064058428,443.87
36.853440006437204,63.83203052484071,23.948817064058428,443.77
22.776678526333335,70.0994085320292,23.948817064058428,443.68
7.7044668999990815,73.30310601208573,23.948817064058428,443.58
-7.704466899999089,73.30310601208573,23.948817064058428,443.55
-22.776678526333324,70.09940853202922,23.948817064058428,443.56
-36.85344000643718,63.83203052484072,23.948817064058428,443.61
-49.31952931583425,54.77488648365078,23.948817064058428,443.64
-59.630118532770524,43.32381706405843,23.948817064058428,443.68
-67.3345854327696,29.979288948027342,23.948817064058428,443.71
-72.09620784216759,15.324522048378425,23.948817064058428,443.67
-73.7068800128744,9.026489468290466e-15,23.948817064058428,443.62
-72.09620784216757,-15.324522048378439,23.948817064058428,443.61
-67.33458543276961,-29.979288948027325,23.948817064058428,443.46
-59.63011853277054,-43.32381706405841,23.948817064058428,443.34
-49.319529315834245,-54.77488648365079,23.948817064058428,443.22
-36.85344000643723,-63.8320305248407,23.948817064058428,443.12
-22.776678526333342,-70.0994085320292,23.948817064058428,443.02
-7.704466899999074,-73.30310601208575,23.948817064058428,443.01
7.704466899999047,-73.30310601208575,23.948817064058428,443.09
22.776678526333317,-70.09940853202922,23.948817064058428,443.18
36.853440006437204,-63.83203052484071,23.948817064058428,443.32
49.31952931583422,-54.7748864836508,23.948817064058428,443.39
59.630118532770524,-43.32381706405844,23.948817064058428,443.53
67.33458543276961,-29.97928894802732,23.948817064058428,443.74
72.09620784216757,-15.324522048378466,23.948817064058428,443.84
0.0,0.0,0.0,443.55,Centro
77.07544689104118,0.0,8.100955903243143,443.92
75.3911634519578,16.024886483650786,8.100955903243143,443.91
70.4119244030842,31.349408532029212,8.100955903243143,443.97
62.35534638389603,45.30381099640576,8.100955903243143,443.95
51.57354051358236,57.27821952843497,8.100955903243143,443.8
38.5377234455206,66.74929501567999,8.100955903243143,443.82
23.817622938375433,73.30310601208575,8.100955903243143,443.73
8.056578019188173,76.65321952843496,8.100955903243143,443.69
-8.05657801918818,76.65321952843496,8.100955903243143,443.52
-23.817622938375425,73.30310601208576,8.100955903243143,443.54
-38.53772344552058,66.74929501568,8.100955903243143,443.56
-51.57354051358236,57.27821952843497,8.100955903243143,443.59
-62.35534638389601,45.303810996405765,8.100955903243143,443.6
-70.41192440308419,31.34940853202923,8.100955903243143,443.69
-75.3911634519578,16.024886483650782,8.100955903243143,443.65
-77.07544689104118,9.43901993279654e-15,8.100955903243143,443.56
-75.39116345195778,-16.024886483650796,8.100955903243143,443.45
-70.4119244030842,-31.349408532029212,8.100955903243143,443.42
-62.355346383896034,-45.303810996405744,8.100955903243143,443.25
-51.57354051358235,-57.278219528434974,8.100955903243143,443.15
-38.537723445520626,-66.74929501567998,8.100955903243143,443.12
-23.817622938375443,-73.30310601208575,8.100955903243143,443.11
-8.056578019188166,-76.65321952843497,8.100955903243143,442.95
8.056578019188137,-76.65321952843497,8.100955903243143,443.02
23.81762293837542,-73.30310601208576,8.100955903243143,443.09
38.5377234455206,-66.74929501567999,8.100955903243143,443.22
51.57354051358233,-57.278219528434995,8.100955903243143,443.4
62.35534638389601,-45.30381099640577,8.100955903243143,443.58
70.4119244030842,-31.34940853202921,8.100955903243143,443.72
75.39116345195778,-16.024886483650825,8.100955903243143,443.89
0.0,0.0,0.0,443.57,Centro
77.07544689104118,0.0,-8.10095590324315,443.93
75.3911634519578,16.024886483650786,-8.10095590324315,443.99
70.4119244030842,31.349408532029212,-8.10095590324315,443.95
62.35534638389603,45.30381099640576,-8.10095590324315,443.92
51.57354051358236,57.27821952843497,-8.10095590324315,443.8
38.5377234455206,66.74929501567999,-8.10095590324315,443.72
23.817622938375433,73.30310601208575,-8.10095590324315,443.69
8.056578019188173,76.65321952843496,-8.10095590324315,443.64
-8.05657801918818,76.65321952843496,-8.10095590324315,443.54
-23.817622938375425,73.30310601208576,-8.10095590324315,443.57
-38.53772344552058,66.74929501568,-8.10095590324315,443.54
-51.57354051358236,57.27821952843497,-8.10095590324315,443.64
-62.35534638389601,45.303810996405765,-8.10095590324315,443.62
-70.41192440308419,31.34940853202923,-8.10095590324315,443.64
-75.3911634519578,16.024886483650782,-8.10095590324315,443.61
-77.07544689104118,9.43901993279654e-15,-8.10095590324315,443.54
-75.39116345195778,-16.024886483650796,-8.10095590324315,443.58
-70.4119244030842,-31.349408532029212,-8.10095590324315,443.4
-62.355346383896034,-45.303810996405744,-8.10095590324315,443.24
-51.57354051358235,-57.278219528434974,-8.10095590324315,443.22
-38.537723445520626,-66.74929501567998,-8.10095590324315,443.06
-23.817622938375443,-73.30310601208575,-8.10095590324315,443.03
-8.056578019188166,-76.65321952843497,-8.10095590324315,442.96
8.056578019188137,-76.65321952843497,-8.10095590324315,443.03
23.81762293837542,-73.30310601208576,-8.10095590324315,443.1
38.5377234455206,-66.74929501567999,-8.10095590324315,443.16
51.57354051358233,-57.278219528434995,-8.10095590324315,443.37
62.35534638389601,-45.30381099640577,-8.10095590324315,443.56
70.4119244030842,-31.34940853202921,-8.10095590324315,443.7
75.39116345195778,-16.024886483650825,-8.10095590324315,443.81
0.0,0.0,0.0,443.57,Centro
73.70688001287441,0.0,-23.948817064058417,443.95
72.0962078421676,15.32452204837843,-23.948817064058417,443.97
67.33458543276961,29.97928894802733,-23.948817064058417,443.91
59.63011853277054,43.32381706405843,-23.948817064058417,443.89
49.31952931583426,54.77488648365079,-23.948817064058417,443.83
36.85344000643721,63.832030524840725,-23.948817064058417,443.75
22.77667852633334,70.09940853202922,-23.948817064058417,443.71
7.704466899999083,73.30310601208575,-23.948817064058417,443.65
-7.70446689999909,73.30310601208575,-23.948817064058417,443.57
-22.776678526333328,70.09940853202923,-23.948817064058417,443.59
-36.85344000643719,63.83203052484073,-23.948817064058417,443.58
-49.31952931583426,54.77488648365079,-23.948817064058417,443.6
-59.63011853277053,43.32381706405844,-23.948817064058417,443.69
-67.33458543276961,29.979288948027346,-23.948817064058417,443.71
-72.0962078421676,15.324522048378428,-23.948817064058417,443.68
-73.70688001287441,9.026489468290467e-15,-23.948817064058417,443.57
-72.09620784216759,-15.324522048378443,-23.948817064058417,443.56
-67.33458543276961,-29.97928894802733,-23.948817064058417,443.43
-59.63011853277055,-43.323817064058424,-23.948817064058417,443.4
-49.31952931583425,-54.774886483650796,-23.948817064058417,443.22
-36.85344000643724,-63.83203052484071,-23.948817064058417,443.16
-22.776678526333345,-70.09940853202922,-23.948817064058417,443.09
-7.704466899999076,-73.30310601208576,-23.948817064058417,443.11
7.704466899999049,-73.30310601208576,-23.948817064058417,443.08
22.77667852633332,-70.09940853202923,-23.948817064058417,443.16
36.85344000643721,-63.832030524840725,-23.948817064058417,443.32
49.31952931583423,-54.77488648365081,-23.948817064058417,443.39
59.63011853277053,-43.323817064058446,-23.948817064058417,443.48
67.33458543276963,-29.979288948027325,-23.948817064058417,443.72
72.09620784216759,-15.32452204837847,-23.948817064058417,443.86
0.0,0.0,0.0,443.51,Centro
67.116968793294,0.0,-38.749999999999986,443.82
65.65030199368624,13.954402464376546,-38.749999999999986,443.95
61.31440197185393,27.298930580407646,-38.749999999999986,443.83
54.29876836470786,39.45036443527236,-38.749999999999986,443.82
44.910018025625384,49.87762806046419,-38.749999999999986,443.72
33.55848439664701,58.12500000000001,-38.749999999999986,443.67
20.740283968060858,63.83203052484073,-38.749999999999986,443.59
7.015633607146076,66.74929501568,-38.749999999999986,443.58
-7.015633607146082,66.74929501568,-38.749999999999986,443.49
-20.74028396806085,63.83203052484074,-38.749999999999986,443.52
-33.55848439664699,58.125000000000014,-38.749999999999986,443.5
-44.910018025625384,49.87762806046419,-38.749999999999986,443.58
-54.298768364707854,39.45036443527237,-38.749999999999986,443.51
-61.314401971853925,27.29893058040766,-38.749999999999986,443.64
-65.65030199368624,13.954402464376544,-38.749999999999986,443.57
-67.116968793294,8.21945810011803e-15,-38.749999999999986,443.62
-65.65030199368624,-13.954402464376557,-38.749999999999986,443.54
-61.31440197185393,-27.298930580407646,-38.749999999999986,443.44
-54.29876836470787,-39.450364435272355,-38.749999999999986,443.36
-44.91001802562538,-49.8776280604642,-38.749999999999986,443.28
-33.55848439664703,-58.12499999999999,-38.749999999999986,443.14
-20.740283968060865,-63.83203052484073,-38.749999999999986,443.12
-7.01563360714607,-66.74929501568002,-38.749999999999986,443.05
7.015633607146044,-66.74929501568002,-38.749999999999986,443.15
20.740283968060844,-63.83203052484074,-38.749999999999986,443.26
33.55848439664701,-58.12500000000001,-38.749999999999986,443.33
44.910018025625355,-49.87762806046421,-38.749999999999986,443.43
54.298768364707854,-39.45036443527238,-38.749999999999986,443.55
61.31440197185394,-27.298930580407642,-38.749999999999986,443.66
65.65030199368624,-13.954402464376582,-38.749999999999986,443.75
0.0,0.0,0.0,443.48,Centro
57.593723974498054,0.0,-51.85762199281152,443.9
56.33516292298034,11.974408532029214,-51.85762199281152,443.91
52.61448492562446,23.425477951621573,-51.85762199281152,443.86
46.59430146470877,33.8527415768134,-51.85762199281152,443.93
38.53772344552059,42.80047795162157,-51.85762199281152,443.85
28.796861987249034,49.87762806046418,-51.85762199281152,443.71
17.79743947745974,54.77488648365078,-51.85762199281152,443.71
6.020183460915693,57.27821952843497,-51.85762199281152,443.7
-6.020183460915698,57.27821952843497,-51.85762199281152,443.66
-17.797439477459736,54.77488648365079,-51.85762199281152,443.64
-28.796861987249013,49.87762806046418,-51.85762199281152,443.65
-38.53772344552059,42.80047795162157,-51.85762199281152,443.63
-46.594301464708764,33.8527415768134,-51.85762199281152,443.71
-52.61448492562445,23.425477951621584,-51.85762199281152,443.68
-56.33516292298034,11.974408532029212,-51.85762199281152,443.67
-57.593723974498054,7.053196971634522e-15,-51.85762199281152,443.59
-56.33516292298033,-11.974408532029223,-51.85762199281152,443.53
-52.61448492562446,-23.425477951621573,-51.85762199281152,443.52
-46.59430146470878,-33.85274157681339,-51.85762199281152,443.41
-38.53772344552059,-42.80047795162158,-51.85762199281152,443.37
-28.796861987249052,-49.87762806046417,-51.85762199281152,443.29
-17.797439477459747,-54.77488648365078,-51.85762199281152,443.23
-6.020183460915686,-57.278219528434974,-51.85762199281152,443.28
6.020183460915665,-57.278219528434974,-51.85762199281152,443.33
17.79743947745973,-54.77488648365079,-51.85762199281152,443.38
28.796861987249034,-49.87762806046418,-51.85762199281152,443.43
38.53772344552057,-42.800477951621595,-51.85762199281152,443.52
46.594301464708764,-33.85274157681341,-51.85762199281152,443.63
52.61448492562447,-23.42547795162157,-51.85762199281152,443.78
56.33516292298033,-11.974408532029244,-51.85762199281152,443.9
0.0,0.0,0.0,443.5,Centro
45.55335705266668,0.0,-62.69881706405842,443.79
44.557906906436294,9.471075487245031,-62.69881706405842,443.8
41.615062415835176,18.52821952843497,-62.69881706405842,443.83
36.85344000643721,26.77559146797079,-62.69881706405842,443.84
30.481145426332425,33.8527415768134,-62.69881706405842,443.76
22.776678526333342,39.45036443527236,-62.69881706405842,443.77
14.07676148010387,43.32381706405843,-62.69881706405842,443.75
4.7616224093979715,45.303810996405765,-62.69881706405842,443.67
-4.761622409397976,45.303810996405765,-62.69881706405842,443.68
-14.076761480103865,43.32381706405844,-62.69881706405842,443.69
-22.776678526333328,39.45036443527237,-62.69881706405842,443.69
-30.481145426332425,33.8527415768134,-62.69881706405842,443.68
-36.853440006437204,26.7755914679708,-62.69881706405842,443.71
-41.615062415835176,18.52821952843498,-62.69881706405842,443.66
-44.557906906436294,9.47107548724503,-62.69881706405842,443.65
-45.55335705266668,5.578677290496475e-15,-62.69881706405842,443.65
-44.557906906436294,-9.471075487245038,-62.69881706405842,443.58
-41.615062415835176,-18.52821952843497,-62.69881706405842,443.58
-36.85344000643722,-26.775591467970788,-62.69881706405842,443.5
-30.481145426332418,-33.85274157681341,-62.69881706405842,443.41
-22.77667852633336,-39.450364435272355,-62.69881706405842,443.35
-14.076761480103876,-43.32381706405843,-62.69881706405842,443.34
-4.761622409397967,-45.303810996405765,-62.69881706405842,443.35
4.761622409397949,-45.303810996405765,-62.69881706405842,443.39
14.076761480103862,-43.32381706405844,-62.69881706405842,443.43
22.776678526333342,-39.45036443527236,-62.69881706405842,443.58
30.481145426332404,-33.85274157681342,-62.69881706405842,443.6
36.853440006437204,-26.775591467970802,-62.69881706405842,443.61
41.61506241583518,-18.52821952843497,-62.69881706405842,443.68
44.557906906436294,-9.471075487245056,-62.69881706405842,443.72
0.0,0.0,0.0,443.62,Centro
31.522089838374534,0.0,-70.79977296730156,443.74
30.833256545521525,6.55381099640576,-70.79977296730156,443.74
28.79686198724904,12.82118900359425,-70.79977296730156,443.74
25.501906377458837,18.528219528434978,-70.79977296730156,443.69
21.092395087249955,23.425477951621584,-70.79977296730156,443.71
15.76104491918727,27.298930580407653,-70.79977296730156,443.68
9.74086145827157,29.979288948027342,-70.79977296730156,443.61
3.294955609790205,31.34940853202923,-70.79977296730156,443.73
-3.294955609790208,31.34940853202923,-70.79977296730156,443.67
-9.740861458271567,29.979288948027346,-70.79977296730156,443.6
-15.76104491918726,27.298930580407657,-70.79977296730156,443.66
-21.092395087249955,23.425477951621584,-70.79977296730156,443.59
-25.501906377458834,18.52821952843498,-70.79977296730156,443.6
-28.796861987249038,12.821189003594258,-70.79977296730156,443.56
-30.833256545521525,6.553810996405759,-70.79977296730156,443.58
-31.522089838374534,3.860342642300068e-15,-70.79977296730156,443.54
-30.83325654552152,-6.5538109964057645,-70.79977296730156,443.47
-28.79686198724904,-12.82118900359425,-70.79977296730156,443.45
-25.50190637745884,-18.528219528434974,-70.79977296730156,443.51
-21.09239508724995,-23.425477951621588,-70.79977296730156,443.47
-15.761044919187281,-27.298930580407646,-70.79977296730156,443.44
-9.740861458271574,-29.979288948027342,-70.79977296730156,443.36
-3.2949556097902017,-31.349408532029233,-70.79977296730156,443.47
3.2949556097901898,-31.349408532029233,-70.79977296730156,443.46
9.740861458271564,-29.979288948027346,-70.79977296730156,443.49
15.76104491918727,-27.298930580407653,-70.79977296730156,443.53
21.09239508724994,-23.425477951621595,-70.79977296730156,443.51
25.501906377458834,-18.528219528434985,-70.79977296730156,443.56
28.796861987249045,-12.821189003594249,-70.79977296730156,443.65
30.83325654552152,-6.553810996405776,-70.79977296730156,443.66
0.0,0.0,0.0,443.45,Centro
16.113156038376346,0.0,-75.80643905686995,443.68
15.761044919187256,3.350113516349215,-75.80643905686995,443.69
14.720100507145156,6.553810996405755,-75.80643905686995,443.62
13.035817068061766,9.471075487245027,-75.80643905686995,443.6
10.781805870313661,11.97440853202921,-75.80643905686995,443.62
8.056578019188175,13.954402464376539,-75.80643905686995,443.62
4.979239048873594,15.324522048378425,-75.80643905686995,443.65
1.6842834390833903,16.024886483650782,-75.80643905686995,443.67
-1.6842834390833918,16.024886483650782,-75.80643905686995,443.66
-4.979239048873592,15.324522048378427,-75.80643905686995,443.67
-8.05657801918817,13.95440246437654,-75.80643905686995,443.62
-10.781805870313661,11.97440853202921,-75.80643905686995,443.62
-13.035817068061764,9.47107548724503,-75.80643905686995,443.63
-14.720100507145155,6.553810996405758,-75.80643905686995,443.57
-15.761044919187256,3.3501135163492144,-75.80643905686995,443.63
-16.113156038376346,1.9732924966559438e-15,-75.80643905686995,443.59
-15.761044919187254,-3.3501135163492175,-75.80643905686995,443.55
-14.720100507145156,-6.553810996405755,-75.80643905686995,443.57
-13.035817068061768,-9.471075487245026,-75.80643905686995,443.55
-10.78180587031366,-11.974408532029212,-75.80643905686995,443.54
-8.05657801918818,-13.954402464376535,-75.80643905686995,443.55
-4.979239048873596,-15.324522048378425,-75.80643905686995,443.6
-1.6842834390833887,-16.024886483650782,-75.80643905686995,443.62
1.6842834390833827,-16.024886483650782,-75.80643905686995,443.59
4.97923904887359,-15.324522048378427,-75.80643905686995,443.54
8.056578019188175,-13.954402464376539,-75.80643905686995,443.54
10.781805870313654,-11.974408532029216,-75.80643905686995,443.59
13.035817068061764,-9.471075487245031,-75.80643905686995,443.57
14.720100507145158,-6.553810996405754,-75.80643905686995,443.64
15.761044919187254,-3.3501135163492233,-75.80643905686995,443.55
0.0,0.0,0.0,443.51,Centro
0.0,0.0,-77.5,443.57
0.0,0.0,155.0,443.53
32.2263120767527,0.0,151.6128781137399,443.6
31.52208983837452,6.7002270326984315,151.6128781137399,443.67
29.44020101429032,13.107621992811513,151.6128781137399,443.67
26.07163413612354,18.94215097449006,151.6128781137399,443.62
21.56361174062733,23.948817064058428,151.6128781137399,443.65
16.113156038376353,27.908804928753085,151.6128781137399,443.63
9.95847809774719,30.649044096756857,151.6128781137399,443.6
3.3685668781667815,32.04977296730157,151.6128781137399,443.64
-3.3685668781667846,32.04977296730157,151.6128781137399,443.58
-9.958478097747186,30.64904409675686,151.6128781137399,443.54
-16.113156038376342,27.90880492875309,151.6128781137399,443.49
-21.56361174062733,23.948817064058428,151.6128781137399,443.59
-26.071634136123535,18.942150974490062,151.6128781137399,443.57
-29.440201014290317,13.10762199281152,151.6128781137399,443.53
-31.52208983837452,6.700227032698431,151.6128781137399,443.51
-32.2263120767527,3.946584993311888e-15,151.6128781137399,443.45
-31.522089838374516,-6.700227032698437,151.6128781137399,443.5
-29.44020101429032,-13.107621992811513,151.6128781137399,443.41
-26.071634136123542,-18.942150974490055,151.6128781137399,443.4
-21.563611740627326,-23.94881706405843,151.6128781137399,443.33
-16.113156038376363,-27.908804928753078,151.6128781137399,443.32
-9.958478097747193,-30.649044096756857,151.6128781137399,443.28
-3.3685668781667784,-32.04977296730157,151.6128781137399,443.32
3.3685668781667664,-32.04977296730157,151.6128781137399,443.38
9.958478097747182,-30.64904409675686,151.6128781137399,443.35
16.113156038376353,-27.908804928753085,151.6128781137399,443.33
21.563611740627316,-23.94881706405844,151.6128781137399,443.45
26.071634136123535,-18.942150974490065,151.6128781137399,443.53
29.440201014290324,-13.10762199281151,151.6128781137399,443.52
31.522089838374516,-6.700227032698448,151.6128781137399,443.6
0.0,0.0,0.0,443.61,Centro
63.04417967674903,0.0,141.59954593460313,443.84
61.66651309104302,13.107621992811511,141.59954593460313,443.87
57.59372397449805,25.642378007188487,141.59954593460313,443.84
51.00381275491765,37.056439056869934,141.59954593460313,443.85
42.18479017449989,46.85095590324315,141.59954593460313,443.78
31.522089838374523,54.59786116081528,141.59954593460313,443.75
19.48172291654313,59.95857789605465,141.59954593460313,443.68
6.589911219580406,62.698817064058424,141.59954593460313,443.63
-6.5899112195804115,62.698817064058424,141.59954593460313,443.58
-19.481722916543124,59.958577896054656,141.59954593460313,443.61
-31.5220898383745,54.597861160815285,141.59954593460313,443.62
-42.18479017449989,46.85095590324315,141.59954593460313,443.56
-51.00381275491764,37.05643905686994,141.59954593460313,443.57
-57.59372397449805,25.6423780071885,141.59954593460313,443.62
-61.66651309104302,13.10762199281151,141.59954593460313,443.61
-63.04417967674903,7.720685284600132e-15,141.59954593460313,443.61
-61.666513091043015,-13.107621992811522,141.59954593460313,443.51
-57.59372397449805,-25.642378007188487,141.59954593460313,443.42
-51.003812754917654,-37.05643905686993,141.59954593460313,443.26
-42.18479017449988,-46.850955903243154,141.59954593460313,443.18
-31.522089838374544,-54.59786116081526,141.59954593460313,443.11
-19.481722916543138,-59.95857789605465,141.59954593460313,443.1
-6.5899112195804,-62.69881706405843,141.59954593460313,443.02
6.589911219580376,-62.69881706405843,141.59954593460313,443.09
19.481722916543116,-59.958577896054656,141.59954593460313,443.12
31.522089838374523,-54.59786116081528,141.59954593460313,443.24
42.18479017449986,-46.85095590324317,141.59954593460313,443.35
51.00381275491764,-37.05643905686995,141.59954593460313,443.52
57.593723974498054,-25.642378007188483,141.59954593460313,443.64
61.666513091043015,-13.107621992811545,141.59954593460313,443.75
0.0,0.0,0.0,443.46,Centro
91.10671410533334,0.0,125.39763412811685,444.01
89.11581381287257,18.94215097449006,125.39763412811685,444.03
83.23012483167034,37.05643905686994,125.39763412811685,444.07
73.70688001287441,53.551182935941576,125.39763412811685,444.03
60.96229085266484,67.7054831536268,125.39763412811685,443.94
45.55335705266668,78.90072887054471,125.39763412811685,443.76
28.153522960207738,86.64763412811685,125.39763412811685,443.61
9.523244818795941,90.60762199281152,125.39763412811685,443.58
-9.52324481879595,90.60762199281152,125.39763412811685,443.5
-28.153522960207727,86.64763412811686,125.39763412811685,443.49
-45.55335705266665,78.90072887054473,125.39763412811685,443.53
-60.96229085266484,67.7054831536268,125.39763412811685,443.61
-73.7068800128744,53.55118293594159,125.39763412811685,443.59
-83.23012483167034,37.05643905686996,125.39763412811685,443.66
-89.11581381287257,18.94215097449006,125.39763412811685,443.59
-91.10671410533334,1.1157354580992948e-14,125.39763412811685,443.59
-89.11581381287257,-18.942150974490076,125.39763412811685,443.54
-83.23012483167034,-37.05643905686994,125.39763412811685,443.36
-73.70688001287442,-53.55118293594157,125.39763412811685,443.27
-60.96229085266483,-67.7054831536268,125.39763412811685,443.01
-45.55335705266671,-78.9007288705447,125.39763412811685,442.83
-28.15352296020775,-86.64763412811685,125.39763412811685,442.73
-9.523244818795932,-90.60762199281152,125.39763412811685,442.79
9.523244818795899,-90.60762199281152,125.39763412811685,442.81
28.153522960207717,-86.64763412811686,125.39763412811685,442.93
45.55335705266668,-78.90072887054471,125.39763412811685,443.11
60.9622908526648,-67.70548315362683,125.39763412811685,443.28
73.7068800128744,-53.5511829359416,125.39763412811685,443.57
83.23012483167035,-37.056439056869934,125.39763412811685,443.73
89.11581381287257,-18.942150974490108,125.39763412811685,443.93
0.0,0.0,0.0,443.57,Centro
115.18744794899611,0.0,103.71524398562303,444.35
112.67032584596068,23.948817064058428,103.71524398562303,444.38
105.22896985124892,46.85095590324315,103.71524398562303,444.27
93.18860292941754,67.7054831536268,103.71524398562303,444.2
77.07544689104118,85.60095590324315,103.71524398562303,443.95
57.59372397449807,99.75525612092837,103.71524398562303,443.75
35.59487895491948,109.54977296730156,103.71524398562303,443.53
12.040366921831385,114.55643905686993,103.71524398562303,443.42
-12.040366921831396,114.55643905686993,103.71524398562303,443.35
-35.59487895491947,109.54977296730158,103.71524398562303,443.34
-57.593723974498026,99.75525612092837,103.71524398562303,443.49
-77.07544689104118,85.60095590324315,103.71524398562303,443.57
-93.18860292941753,67.7054831536268,103.71524398562303,443.65
-105.2289698512489,46.85095590324317,103.71524398562303,443.79
-112.67032584596068,23.948817064058424,103.71524398562303,443.78
-115.18744794899611,1.4106393943269044e-14,103.71524398562303,443.76
-112.67032584596066,-23.948817064058446,103.71524398562303,443.6
-105.22896985124892,-46.85095590324315,103.71524398562303,443.44
-93.18860292941756,-67.70548315362679,103.71524398562303,443.2
-77.07544689104118,-85.60095590324316,103.71524398562303,442.93
-57.593723974498104,-99.75525612092834,103.71524398562303,442.65
-35.594878954919494,-109.54977296730156,103.71524398562303,442.55
-12.040366921831373,-114.55643905686995,103.71524398562303,442.47
12.04036692183133,-114.55643905686995,103.71524398562303,442.55
35.59487895491946,-109.54977296730158,103.71524398562303,442.72
57.59372397449807,-99.75525612092837,103.71524398562303,442.9
77.07544689104114,-85.60095590324319,103.71524398562303,443.25
93.18860292941753,-67.70548315362682,103.71524398562303,443.59
105.22896985124893,-46.85095590324314,103.71524398562303,443.91
112.67032584596066,-23.94881706405849,103.71524398562303,444.11
0.0,0.0,0.0,443.55,Centro
134.23393758658798,0.0,77.50000000000001,444.52
131.30060398737245,27.908804928753085,77.50000000000001,444.55
122.62880394370784,54.59786116081528,77.50000000000001,444.36
108.5975367294157,78.90072887054471,77.50000000000001,444.2
89.82003605125075,99.75525612092837,77.50000000000001,443.98
67.116968793294,116.24999999999999,77.50000000000001,443.72
41.48056793612171,127.66406104968144,77.50000000000001,443.49
14.031267214292148,133.49859003135998,77.50000000000001,443.34
-14.031267214292162,133.49859003135998,77.50000000000001,443.31
-41.480567936121695,127.66406104968145,77.50000000000001,443.3
-67.11696879329396,116.25,77.50000000000001,443.39
-89.82003605125075,99.75525612092837,77.50000000000001,443.59
-108.59753672941568,78.90072887054473,77.50000000000001,443.76
-122.62880394370782,54.597861160815306,77.50000000000001,443.89
-131.30060398737245,27.90880492875308,77.50000000000001,444.0
-134.23393758658798,1.6438916200236056e-14,77.50000000000001,443.93
-131.30060398737245,-27.908804928753106,77.50000000000001,443.78
-122.62880394370784,-54.59786116081528,77.50000000000001,443.44
-108.59753672941571,-78.9007288705447,77.50000000000001,443.1
-89.82003605125074,-99.75525612092838,77.50000000000001,442.8
-67.11696879329405,-116.24999999999996,77.50000000000001,442.51
-41.48056793612172,-127.66406104968144,77.50000000000001,442.27
-14.031267214292136,-133.49859003136,77.50000000000001,442.21
14.031267214292086,-133.49859003136,77.50000000000001,442.27
41.48056793612167,-127.66406104968145,77.50000000000001,442.5
67.116968793294,-116.24999999999999,77.50000000000001,442.9
89.8200360512507,-99.75525612092841,77.50000000000001,443.25
108.59753672941568,-78.90072887054474,77.50000000000001,443.72
122.62880394370785,-54.59786116081527,77.50000000000001,444.02
131.30060398737245,-27.908804928753156,77.50000000000001,444.32
0.0,0.0,0.0,443.57,Centro
147.4137600257488,0.0,47.897634128116856,444.65
144.19241568433517,30.649044096756853,47.897634128116856,444.71
134.66917086553923,59.95857789605465,47.897634128116856,444.58
119.26023706554106,86.64763412811683,47.897634128116856,444.33
98.6390586316685,109.54977296730156,47.897634128116856,444.04
73.70688001287441,127.66406104968142,47.897634128116856,443.76
45.55335705266667,140.1988170640584,47.897634128116856,443.44
15.408933799998163,146.60621202417147,47.897634128116856,443.3
-15.408933799998177,146.60621202417147,47.897634128116856,443.31
-45.55335705266665,140.19881706405843,47.897634128116856,443.25
-73.70688001287436,127.66406104968144,47.897634128116856,443.37
-98.6390586316685,109.54977296730156,47.897634128116856,443.6
-119.26023706554105,86.64763412811686,47.897634128116856,443.8
-134.6691708655392,59.958577896054685,47.897634128116856,444.02
-144.19241568433517,30.64904409675685,47.897634128116856,444.1
-147.4137600257488,1.805297893658093e-14,47.897634128116856,444.1
-144.19241568433515,-30.649044096756878,47.897634128116856,443.83
-134.66917086553923,-59.95857789605465,47.897634128116856,443.54
-119.26023706554108,-86.64763412811682,47.897634128116856,443.23
-98.63905863166849,-109.54977296730158,47.897634128116856,442.81
-73.70688001287446,-127.6640610496814,47.897634128116856,442.43
-45.553357052666684,-140.1988170640584,47.897634128116856,442.15
-15.408933799998149,-146.6062120241715,47.897634128116856,442.07
15.408933799998094,-146.6062120241715,47.897634128116856,442.15
45.553357052666634,-140.19881706405843,47.897634128116856,442.39
73.70688001287441,-127.66406104968142,47.897634128116856,442.78
98.63905863166843,-109.5497729673016,47.897634128116856,443.26
119.26023706554105,-86.64763412811688,47.897634128116856,443.7
134.66917086553923,-59.95857789605464,47.897634128116856,444.15
144.19241568433515,-30.64904409675693,47.897634128116856,444.45
0.0,0.0,0.0,443.61,Centro
154.15089378208236,0.0,16.201911806486287,444.81
150.7823269039156,32.04977296730157,16.201911806486287,444.83
140.8238488061684,62.698817064058424,16.201911806486287,444.63
124.71069276779205,90.60762199281152,16.201911806486287,444.46
103.14708102716472,114.55643905686993,16.201911806486287,444.14
77.0754468910412,133.49859003135998,16.201911806486287,443.76
47.635245876750865,146.6062120241715,16.201911806486287,443.45
16.113156038376346,153.30643905686992,16.201911806486287,443.26
-16.11315603837636,153.30643905686992,16.201911806486287,443.17
-47.63524587675085,146.60621202417153,16.201911806486287,443.2
-77.07544689104115,133.49859003136,16.201911806486287,443.35
-103.14708102716472,114.55643905686993,16.201911806486287,443.63
-124.71069276779203,90.60762199281153,16.201911806486287,443.9
-140.82384880616837,62.69881706405846,16.201911806486287,444.12
-150.7823269039156,32.049772967301564,16.201911806486287,444.21
-154.15089378208236,1.887803986559308e-14,16.201911806486287,444.23
-150.78232690391556,-32.04977296730159,16.201911806486287,444.08
-140.8238488061684,-62.698817064058424,16.201911806486287,443.68
-124.71069276779207,-90.60762199281149,16.201911806486287,443.24
-103.1470810271647,-114.55643905686995,16.201911806486287,442.78
-77.07544689104125,-133.49859003135995,16.201911806486287,442.38
-47.635245876750886,-146.6062120241715,16.201911806486287,442.1
-16.11315603837633,-153.30643905686995,16.201911806486287,442.0
16.113156038376275,-153.30643905686995,16.201911806486287,442.05
47.63524587675084,-146.60621202417153,16.201911806486287,442.32
77.0754468910412,-133.49859003135998,16.201911806486287,442.76
103.14708102716466,-114.55643905686999,16.201911806486287,443.24
124.71069276779203,-90.60762199281154,16.201911806486287,443.68
140.8238488061684,-62.69881706405842,16.201911806486287,444.18
150.78232690391556,-32.04977296730165,16.201911806486287,444.68
0.0,0.0,0.0,443.59,Centro
154.15089378208236,0.0,-16.2019118064863,444.76
150.7823269039156,32.04977296730157,-16.2019118064863,444.93
140.8238488061684,62.698817064058424,-16.2019118064863,444.79
124.71069276779205,90.60762199281152,-16.2019118064863,444.49
103.14708102716472,114.55643905686993,-16.2019118064863,444.13
77.0754468910412,133.49859003135998,-16.2019118064863,443.76
47.635245876750865,146.6062120241715,-16.2019118064863,443.49
16.113156038376346,153.30643905686992,-16.2019118064863,443.26
-16.11315603837636,153.30643905686992,-16.2019118064863,443.19
-47.63524587675085,146.60621202417153,-16.2019118064863,443.27
-77.07544689104115,133.49859003136,-16.2019118064863,443.39
-103.14708102716472,114.55643905686993,-16.2019118064863,443.67
-124.71069276779203,90.60762199281153,-16.2019118064863,443.96
-140.82384880616837,62.69881706405846,-16.2019118064863,444.22
-150.7823269039156,32.049772967301564,-16.2019118064863,444.4
-154.15089378208236,1.887803986559308e-14,-16.2019118064863,444.35
-150.78232690391556,-32.04977296730159,-16.2019118064863,444.15
-140.8238488061684,-62.698817064058424,-16.2019118064863,443.79
-124.71069276779207,-90.60762199281149,-16.2019118064863,443.41
-103.1470810271647,-114.55643905686995,-16.2019118064863,442.95
-77.07544689104125,-133.49859003135995,-16.2019118064863,442.54
-47.635245876750886,-146.6062120241715,-16.2019118064863,442.24
-16.11315603837633,-153.30643905686995,-16.2019118064863,442.16
16.113156038376275,-153.30643905686995,-16.2019118064863,442.2
47.63524587675084,-146.60621202417153,-16.2019118064863,442.47
77.0754468910412,-133.49859003135998,-16.2019118064863,442.85
103.14708102716466,-114.55643905686999,-16.2019118064863,443.37
124.71069276779203,-90.60762199281154,-16.2019118064863,443.86
140.8238488061684,-62.69881706405842,-16.2019118064863,444.38
150.78232690391556,-32.04977296730165,-16.2019118064863,444.78
0.0,0.0,0.0,443.74,Centro
147.41376002574881,0.0,-47.897634128116835,444.82
144.1924156843352,30.64904409675686,-47.897634128116835,444.86
134.66917086553923,59.95857789605466,-47.897634128116835,444.73
119.26023706554108,86.64763412811686,-47.897634128116835,444.42
98.63905863166852,109.54977296730158,-47.897634128116835,444.13
73.70688001287442,127.66406104968145,-47.897634128116835,443.84
45.55335705266668,140.19881706405843,-47.897634128116835,443.61
15.408933799998167,146.6062120241715,-47.897634128116835,443.32
-15.40893379999818,146.6062120241715,-47.897634128116835,443.29
-45.553357052666655,140.19881706405846,-47.897634128116835,443.37
-73.70688001287438,127.66406104968146,-47.897634128116835,443.57
-98.63905863166852,109.54977296730158,-47.897634128116835,443.74
-119.26023706554106,86.64763412811688,-47.897634128116835,443.92
-134.66917086553923,59.95857789605469,-47.897634128116835,444.2
-144.1924156843352,30.649044096756857,-47.897634128116835,444.36
-147.41376002574881,1.8052978936580934e-14,-47.897634128116835,444.25
-144.19241568433517,-30.649044096756885,-47.897634128116835,444.04
-134.66917086553923,-59.95857789605466,-47.897634128116835,443.81
-119.2602370655411,-86.64763412811685,-47.897634128116835,443.47
-98.6390586316685,-109.54977296730159,-47.897634128116835,443.01
-73.70688001287448,-127.66406104968142,-47.897634128116835,442.69
-45.55335705266669,-140.19881706405843,-47.897634128116835,442.31
-15.408933799998152,-146.60621202417153,-47.897634128116835,442.23
15.408933799998097,-146.60621202417153,-47.897634128116835,442.28
45.55335705266664,-140.19881706405846,-47.897634128116835,442.53
73.70688001287442,-127.66406104968145,-47.897634128116835,442.88
98.63905863166846,-109.54977296730162,-47.897634128116835,443.36
119.26023706554106,-86.64763412811689,-47.897634128116835,443.91
134.66917086553926,-59.95857789605465,-47.897634128116835,444.3
144.19241568433517,-30.64904409675694,-47.897634128116835,444.53
0.0,0.0,0.0,443.6,Centro
134.233937586588,0.0,-77.49999999999997,444.71
131.30060398737248,27.908804928753092,-77.49999999999997,444.74
122.62880394370787,54.59786116081529,-77.49999999999997,444.62
108.59753672941572,78.90072887054473,-77.49999999999997,444.44
89.82003605125077,99.75525612092838,-77.49999999999997,444.16
67.11696879329402,116.25000000000001,-77.49999999999997,443.86
41.480567936121716,127.66406104968146,-77.49999999999997,443.67
14.031267214292152,133.49859003136,-77.49999999999997,443.47
-14.031267214292164,133.49859003136,-77.49999999999997,443.37
-41.4805679361217,127.66406104968148,-77.49999999999997,443.45
-67.11696879329398,116.25000000000003,-77.49999999999997,443.49
-89.82003605125077,99.75525612092838,-77.49999999999997,443.69
-108.59753672941571,78.90072887054474,-77.49999999999997,444.04
-122.62880394370785,54.59786116081532,-77.49999999999997,444.12
-131.30060398737248,27.90880492875309,-77.49999999999997,444.22
-134.233937586588,1.643891620023606e-14,-77.49999999999997,444.23
-131.30060398737248,-27.908804928753113,-77.49999999999997,444.03
-122.62880394370787,-54.59786116081529,-77.49999999999997,443.82
-108.59753672941574,-78.90072887054471,-77.49999999999997,443.52
-89.82003605125075,-99.7552561209284,-77.49999999999997,443.19
-67.11696879329406,-116.24999999999999,-77.49999999999997,442.81
-41.48056793612173,-127.66406104968146,-77.49999999999997,442.58
-14.03126721429214,-133.49859003136004,-77.49999999999997,442.52
14.031267214292088,-133.49859003136004,-77.49999999999997,442.58
41.48056793612169,-127.66406104968148,-77.49999999999997,442.74
67.11696879329402,-116.25000000000001,-77.49999999999997,443.07
89.82003605125071,-99.75525612092842,-77.49999999999997,443.48
108.59753672941571,-78.90072887054475,-77.49999999999997,443.84
122.62880394370788,-54.597861160815285,-77.49999999999997,444.27
131.30060398737248,-27.908804928753163,-77.49999999999997,444.53
0.0,0.0,0.0,443.66,Centro
115.18744794899611,0.0,-103.71524398562303,444.58
112.67032584596068,23.948817064058428,-103.71524398562303,444.59
105.22896985124892,46.85095590324315,-103.71524398562303,444.53
93.18860292941754,67.7054831536268,-103.71524398562303,444.36
77.07544689104118,85.60095590324315,-103.71524398562303,444.21
57.59372397449807,99.75525612092837,-103.71524398562303,443.96
35.59487895491948,109.54977296730156,-103.71524398562303,443.79
12.040366921831385,114.55643905686993,-103.71524398562303,443.69
-12.040366921831396,114.55643905686993,-103.71524398562303,443.6
-35.59487895491947,109.54977296730158,-103.71524398562303,443.66
-57.593723974498026,99.75525612092837,-103.71524398562303,443.7
-77.07544689104118,85.60095590324315,-103.71524398562303,443.91
-93.18860292941753,67.7054831536268,-103.71524398562303,444.07
-105.2289698512489,46.85095590324317,-103.71524398562303,444.21
-112.67032584596068,23.948817064058424,-103.71524398562303,444.24
-115.18744794899611,1.4106393943269044e-14,-103.71524398562303,444.19
-112.67032584596066,-23.948817064058446,-103.71524398562303,444.1
-105.22896985124892,-46.85095590324315,-103.71524398562303,443.94
-93.18860292941756,-67.70548315362679,-103.71524398562303,443.68
-77.07544689104118,-85.60095590324316,-103.71524398562303,443.4
-57.593723974498104,-99.75525612092834,-103.71524398562303,443.15
-35.594878954919494,-109.54977296730156,-103.71524398562303,443.02
-12.040366921831373,-114.55643905686995,-103.71524398562303,442.93
12.04036692183133,-114.55643905686995,-103.71524398562303,442.98
35.59487895491946,-109.54977296730158,-103.71524398562303,443.1
57.59372397449807,-99.75525612092837,-103.71524398562303,443.41
77.07544689104114,-85.60095590324319,-103.71524398562303,443.69
93.18860292941753,-67.70548315362682,-103.71524398562303,443.93
105.22896985124893,-46.85095590324314,-103.71524398562303,444.29
112.67032584596066,-23.94881706405849,-103.71524398562303,444.5
0.0,0.0,0.0,443.77,Centro
91.10671410533335,0.0,-125.39763412811683,444.52
89.11581381287259,18.942150974490062,-125.39763412811683,444.5
83.23012483167035,37.05643905686994,-125.39763412811683,444.55
73.70688001287442,53.55118293594158,-125.39763412811683,444.37
60.96229085266485,67.7054831536268,-125.39763412811683,444.24
45.553357052666684,78.90072887054473,-125.39763412811683,444.17
28.15352296020774,86.64763412811686,-125.39763412811683,444.04
9.523244818795943,90.60762199281153,-125.39763412811683,443.97
-9.523244818795952,90.60762199281153,-125.39763412811683,443.92
-28.15352296020773,86.64763412811688,-125.39763412811683,443.88
-45.553357052666655,78.90072887054474,-125.39763412811683,443.95
-60.96229085266485,67.7054831536268,-125.39763412811683,443.98
-73.70688001287441,53.5511829359416,-125.39763412811683,444.15
-83.23012483167035,37.05643905686996,-125.39763412811683,444.22
-89.11581381287259,18.94215097449006,-125.39763412811683,444.16
-91.10671410533335,1.115735458099295e-14,-125.39763412811683,444.13
-89.11581381287259,-18.942150974490076,-125.39763412811683,444.01
-83.23012483167035,-37.05643905686994,-125.39763412811683,443.94
-73.70688001287444,-53.551182935941576,-125.39763412811683,443.84
-60.962290852664836,-67.70548315362682,-125.39763412811683,443.6
-45.55335705266672,-78.90072887054471,-125.39763412811683,443.5
-28.153522960207752,-86.64763412811686,-125.39763412811683,443.42
-9.523244818795934,-90.60762199281153,-125.39763412811683,443.38
9.523244818795899,-90.60762199281153,-125.39763412811683,443.41
28.153522960207724,-86.64763412811688,-125.39763412811683,443.46
45.553357052666684,-78.90072887054473,-125.39763412811683,443.55
60.96229085266481,-67.70548315362684,-125.39763412811683,443.8
73.70688001287441,-53.551182935941604,-125.39763412811683,444.05
83.23012483167037,-37.05643905686994,-125.39763412811683,444.26
89.11581381287259,-18.94215097449011,-125.39763412811683,444.43
0.0,0.0,0.0,443.79,Centro
63.04417967674907,0.0,-141.59954593460313,444.36
61.66651309104305,13.10762199281152,-141.59954593460313,444.37
57.59372397449808,25.6423780071885,-141.59954593460313,444.42
51.003812754917675,37.056439056869955,-141.59954593460313,444.38
42.18479017449991,46.85095590324317,-141.59954593460313,444.22
31.52208983837454,54.597861160815306,-141.59954593460313,444.22
19.48172291654314,59.958577896054685,-141.59954593460313,444.2
6.58991121958041,62.69881706405846,-141.59954593460313,444.14
-6.589911219580416,62.69881706405846,-141.59954593460313,444.11
-19.481722916543134,59.95857789605469,-141.59954593460313,444.13
-31.52208983837452,54.59786116081531,-141.59954593460313,444.07
-42.18479017449991,46.85095590324317,-141.59954593460313,444.12
-51.00381275491767,37.05643905686996,-141.59954593460313,444.09
-57.593723974498076,25.642378007188515,-141.59954593460313,444.06
-61.66651309104305,13.107621992811518,-141.59954593460313,444.09
-63.04417967674907,7.720685284600136e-15,-141.59954593460313,444.1
-61.66651309104304,-13.107621992811529,-141.59954593460313,444.03
-57.59372397449808,-25.6423780071885,-141.59954593460313,444.01
-51.00381275491768,-37.05643905686995,-141.59954593460313,443.83
-42.1847901744999,-46.850955903243175,-141.59954593460313,443.81
-31.522089838374562,-54.59786116081529,-141.59954593460313,443.67
-19.48172291654315,-59.958577896054685,-141.59954593460313,443.65
-6.5899112195804035,-62.69881706405847,-141.59954593460313,443.55
6.5899112195803795,-62.69881706405847,-141.59954593460313,443.68
19.481722916543127,-59.95857789605469,-141.59954593460313,443.71
31.52208983837454,-54.597861160815306,-141.59954593460313,443.77
42.18479017449988,-46.85095590324319,-141.59954593460313,443.93
51.00381275491767,-37.05643905686997,-141.59954593460313,444.01
57.59372397449809,-25.642378007188498,-141.59954593460313,444.08
61.66651309104304,-13.107621992811552,-141.59954593460313,444.15
0.0,0.0,0.0,443.82,Centro
32.22631207675269,0.0,-151.6128781137399,444.11
31.522089838374512,6.70022703269843,-151.6128781137399,444.17
29.440201014290313,13.10762199281151,-151.6128781137399,444.26
26.07163413612353,18.942150974490055,-151.6128781137399,444.19
21.563611740627323,23.94881706405842,-151.6128781137399,444.14
16.11315603837635,27.908804928753078,-151.6128781137399,444.09
9.958478097747188,30.64904409675685,-151.6128781137399,444.13
3.3685668781667806,32.049772967301564,-151.6128781137399,444.1
-3.3685668781667837,32.049772967301564,-151.6128781137399,444.06
-9.958478097747184,30.649044096756853,-151.6128781137399,444.08
-16.11315603837634,27.90880492875308,-151.6128781137399,444.11
-21.563611740627323,23.94881706405842,-151.6128781137399,444.13
-26.071634136123528,18.94215097449006,-151.6128781137399,444.1
-29.44020101429031,13.107621992811517,-151.6128781137399,444.12
-31.522089838374512,6.700227032698429,-151.6128781137399,444.14
-32.22631207675269,3.9465849933118876e-15,-151.6128781137399,444.09
-31.52208983837451,-6.700227032698435,-151.6128781137399,444.09
-29.440201014290313,-13.10762199281151,-151.6128781137399,444.07
-26.071634136123535,-18.94215097449005,-151.6128781137399,444.02
-21.56361174062732,-23.948817064058424,-151.6128781137399,444.03
-16.11315603837636,-27.90880492875307,-151.6128781137399,443.99
-9.958478097747191,-30.64904409675685,-151.6128781137399,443.99
-3.3685668781667775,-32.049772967301564,-151.6128781137399,443.93
3.3685668781667655,-32.049772967301564,-151.6128781137399,443.95
9.95847809774718,-30.649044096756853,-151.6128781137399,443.96
16.11315603837635,-27.908804928753078,-151.6128781137399,444.05
21.56361174062731,-23.94881706405843,-151.6128781137399,444.11
26.071634136123528,-18.942150974490062,-151.6128781137399,444.1
29.440201014290317,-13.107621992811508,-151.6128781137399,444.11
31.52208983837451,-6.7002270326984465,-151.6128781137399,444.12
0.0,0.0,0.0,443.87,Centro
0.0,0.0,-155.0,444.16
0.0,0.0,232.5,443.89
48.339468115129044,0.0,227.41931717060982,444.1
47.283134757561776,10.050340549047645,227.41931717060982,444.12
44.16030152143548,19.661432989217268,227.41931717060982,444.14
39.1074512041853,28.413226461735086,227.41931717060982,444.04
32.34541761094099,35.92322559608764,227.41931717060982,444.0
24.16973405756453,41.86320739312963,227.41931717060982,444.0
14.937717146620784,45.97356614513528,227.41931717060982,444.0
5.052850317250172,48.07465945095235,227.41931717060982,443.95
-5.052850317250177,48.07465945095235,227.41931717060982,444.01
-14.937717146620779,45.97356614513529,227.41931717060982,444.0
-24.16973405756451,41.86320739312963,227.41931717060982,443.89
-32.34541761094099,35.92322559608764,227.41931717060982,443.88
-39.1074512041853,28.413226461735093,227.41931717060982,443.9
-44.16030152143547,19.66143298921728,227.41931717060982,443.9
-47.283134757561776,10.050340549047645,227.41931717060982,443.82
-48.339468115129044,5.9198774899678325e-15,227.41931717060982,443.87
-47.28313475756177,-10.050340549047654,227.41931717060982,443.76
-44.16030152143548,-19.661432989217268,227.41931717060982,443.65
-39.10745120418531,-28.413226461735082,227.41931717060982,443.6
-32.345417610940984,-35.92322559608764,227.41931717060982,443.54
-24.169734057564543,-41.86320739312961,227.41931717060982,443.53
-14.93771714662079,-45.97356614513528,227.41931717060982,443.44
-5.052850317250167,-48.07465945095235,227.41931717060982,443.52
5.052850317250149,-48.07465945095235,227.41931717060982,443.52
14.937717146620773,-45.97356614513529,227.41931717060982,443.61
24.16973405756453,-41.86320739312963,227.41931717060982,443.6
32.34541761094097,-35.923225596087654,227.41931717060982,443.7
39.1074512041853,-28.413226461735096,227.41931717060982,443.81
44.16030152143548,-19.661432989217264,227.41931717060982,443.97
47.28313475756177,-10.050340549047672,227.41931717060982,443.94
0.0,0.0,0.0,443.91,Centro
94.56626951512355,0.0,212.3993189019047,444.38
92.49976963656454,19.661432989217268,212.3993189019047,444.39
86.39058596174708,38.46356701078273,212.3993189019047,444.35
76.50571913237647,55.58465858530491,212.3993189019047,444.35
63.277185261749835,70.27643385486472,212.3993189019047,444.22
47.28313475756178,81.89679174122291,212.3993189019047,444.08
29.222584374814698,89.93786684408198,212.3993189019047,444.03
9.884866829370608,94.04822559608763,212.3993189019047,443.87
-9.884866829370619,94.04822559608763,212.3993189019047,443.89
-29.222584374814687,89.937866844082,212.3993189019047,443.81
-47.283134757561754,81.89679174122293,212.3993189019047,443.88
-63.277185261749835,70.27643385486472,212.3993189019047,443.89
-76.50571913237647,55.584658585304915,212.3993189019047,444.04
-86.39058596174706,38.463567010782754,212.3993189019047,444.01
-92.49976963656454,19.661432989217264,212.3993189019047,443.93
-94.56626951512355,1.1581027926900199e-14,212.3993189019047,443.95
-92.49976963656452,-19.661432989217285,212.3993189019047,443.78
-86.39058596174708,-38.46356701078273,212.3993189019047,443.7
-76.50571913237648,-55.5846585853049,212.3993189019047,443.55
-63.27718526174982,-70.27643385486473,212.3993189019047,443.35
-47.28313475756182,-81.8967917412229,212.3993189019047,443.22
-29.22258437481471,-89.93786684408198,212.3993189019047,443.05
-9.8848668293706,-94.04822559608765,212.3993189019047,443.05
9.884866829370564,-94.04822559608765,212.3993189019047,443.08
29.222584374814677,-89.937866844082,212.3993189019047,443.21
47.28313475756178,-81.89679174122291,212.3993189019047,443.44
63.27718526174979,-70.27643385486475,212.3993189019047,443.61
76.50571913237647,-55.58465858530493,212.3993189019047,443.9
86.39058596174709,-38.463567010782725,212.3993189019047,444.12
92.49976963656452,-19.661432989217317,212.3993189019047,444.3
0.0,0.0,0.0,443.83,Centro
136.660071158,0.0,188.0964511921753,444.87
133.67372071930885,28.413226461735086,188.0964511921753,444.86
124.8451872475055,55.5846585853049,188.0964511921753,444.78
110.5603200193116,80.32677440391235,188.0964511921753,444.53
91.44343627899725,101.55822473044019,188.0964511921753,444.24
68.33003557900001,118.35109330581706,188.0964511921753,444.08
42.2302844403116,129.97145119217527,188.0964511921753,443.86
14.28486722819391,135.91143298921725,188.0964511921753,443.66
-14.284867228193923,135.91143298921725,188.0964511921753,443.58
-42.230284440311586,129.97145119217527,188.0964511921753,443.62
-68.33003557899997,118.35109330581707,188.0964511921753,443.74
-91.44343627899725,101.55822473044019,188.0964511921753,443.93
-110.56032001931159,80.32677440391237,188.0964511921753,444.12
-124.84518724750549,55.58465858530493,188.0964511921753,444.29
-133.67372071930885,28.413226461735082,188.0964511921753,444.37
-136.660071158,1.6736031871489423e-14,188.0964511921753,444.25
-133.67372071930885,-28.413226461735107,188.0964511921753,444.07
-124.8451872475055,-55.5846585853049,188.0964511921753,443.84
-110.56032001931162,-80.32677440391234,188.0964511921753,443.41
-91.44343627899724,-101.5582247304402,188.0964511921753,443.03
-68.33003557900005,-118.35109330581703,188.0964511921753,442.72
-42.23028444031162,-129.97145119217527,188.0964511921753,442.44
-14.284867228193896,-135.91143298921727,188.0964511921753,442.35
14.284867228193846,-135.91143298921727,188.0964511921753,442.47
42.23028444031157,-129.97145119217527,188.0964511921753,442.7
68.33003557900001,-118.35109330581706,188.0964511921753,443.09
91.44343627899718,-101.55822473044023,188.0964511921753,443.45
110.56032001931159,-80.32677440391238,188.0964511921753,443.97
124.84518724750552,-55.584658585304894,188.0964511921753,444.37
133.67372071930885,-28.413226461735157,188.0964511921753,444.66
0.0,0.0,0.0,443.8,Centro
172.78117192349416,0.0,155.57286597843455,445.3
169.005488768941,35.92322559608764,155.57286597843455,445.37
157.84345477687336,70.27643385486472,155.57286597843455,445.23
139.7829043941263,101.55822473044019,155.57286597843455,444.78
115.61317033656178,128.4014338548647,155.57286597843455,444.45
86.39058596174709,149.63288418139254,155.57286597843455,443.91
53.39231843237922,164.32465945095234,155.57286597843455,443.6
18.060550382747074,171.8346585853049,155.57286597843455,443.24
-18.060550382747092,171.8346585853049,155.57286597843455,443.25
-53.392318432379206,164.32465945095237,155.57286597843455,443.28
-86.39058596174704,149.63288418139254,155.57286597843455,443.6
-115.61317033656178,128.4014338548647,155.57286597843455,443.84
-139.7829043941263,101.5582247304402,155.57286597843455,444.2
-157.84345477687336,70.27643385486475,155.57286597843455,444.47
-169.005488768941,35.92322559608763,155.57286597843455,444.67
-172.78117192349416,2.1159590914903567e-14,155.57286597843455,444.56
-169.00548876894098,-35.92322559608767,155.57286597843455,444.31
-157.84345477687336,-70.27643385486472,155.57286597843455,443.87
-139.78290439412632,-101.55822473044017,155.57286597843455,443.32
-115.61317033656175,-128.40143385486473,155.57286597843455,442.78
-86.39058596174715,-149.63288418139248,155.57286597843455,442.34
-53.39231843237924,-164.32465945095234,155.57286597843455,441.91
-18.06055038274706,-171.8346585853049,155.57286597843455,441.69
18.060550382746992,-171.8346585853049,155.57286597843455,441.9
53.392318432379184,-164.32465945095237,155.57286597843455,442.21
86.39058596174709,-149.63288418139254,155.57286597843455,442.73
115.6131703365617,-128.40143385486476,155.57286597843455,443.47
139.7829043941263,-101.55822473044023,155.57286597843455,444.08
157.8434547768734,-70.2764338548647,155.57286597843455,444.6
169.00548876894098,-35.92322559608773,155.57286597843455,445.13
0.0,0.0,0.0,443.85,Centro
201.35090637988196,0.0,116.25000000000003,445.74
196.95090598105867,41.86320739312963,116.25000000000003,445.84
183.94320591556175,81.89679174122291,116.25000000000003,445.49
162.89630509412353,118.35109330581706,116.25000000000003,445.09
134.73005407687612,149.63288418139254,116.25000000000003,444.5
100.67545318994101,174.37499999999997,116.25000000000003,443.8
62.22085190418255,191.49609157452215,116.25000000000003,443.31
21.04690082143822,200.24788504703997,116.25000000000003,442.99
-21.046900821438243,200.24788504703997,116.25000000000003,442.89
-62.22085190418253,191.49609157452215,116.25000000000003,443.03
-100.67545318994094,174.375,116.25000000000003,443.36
-134.73005407687612,149.63288418139254,116.25000000000003,443.87
-162.8963050941235,118.35109330581709,116.25000000000003,444.34
-183.94320591556172,81.89679174122296,116.25000000000003,444.79
-196.95090598105867,41.86320739312962,116.25000000000003,445.02
-201.35090637988196,2.4658374300354083e-14,116.25000000000003,445.0
-196.95090598105864,-41.863207393129656,116.25000000000003,444.77
-183.94320591556175,-81.89679174122291,116.25000000000003,444.21
-162.89630509412356,-118.35109330581703,116.25000000000003,443.47
-134.7300540768761,-149.63288418139254,116.25000000000003,442.82
-100.67545318994107,-174.37499999999991,116.25000000000003,442.11
-62.22085190418258,-191.49609157452215,116.25000000000003,441.52
-21.046900821438204,-200.24788504703997,116.25000000000003,441.34
21.046900821438125,-200.24788504703997,116.25000000000003,441.49
62.22085190418251,-191.49609157452215,116.25000000000003,441.88
100.67545318994101,-174.37499999999997,116.25000000000003,442.59
134.73005407687603,-149.6328841813926,116.25000000000003,443.46
162.8963050941235,-118.3510933058171,116.25000000000003,444.26
183.94320591556178,-81.8967917412229,116.25000000000003,445.02
196.95090598105864,-41.863207393129734,116.25000000000003,445.46
0.0,0.0,0.0,443.85,Centro
221.1206400386232,0.0,71.84645119217528,446.14
216.2886235265028,45.97356614513529,71.84645119217528,446.18
202.00375629830884,89.93786684408198,71.84645119217528,445.74
178.8903555983116,129.97145119217527,71.84645119217528,445.21
147.95858794750276,164.32465945095237,71.84645119217528,444.52
110.56032001931163,191.49609157452215,71.84645119217528,443.76
68.33003557900001,210.29822559608763,71.84645119217528,443.17
23.11340069999725,219.90931803625725,71.84645119217528,442.73
-23.11340069999727,219.90931803625725,71.84645119217528,442.6
-68.33003557899998,210.29822559608766,71.84645119217528,442.78
-110.56032001931156,191.49609157452218,71.84645119217528,443.35
-147.95858794750276,164.32465945095237,71.84645119217528,443.9
-178.8903555983116,129.9714511921753,71.84645119217528,444.44
-202.00375629830882,89.93786684408204,71.84645119217528,445.08
-216.2886235265028,45.97356614513528,71.84645119217528,445.35
-221.1206400386232,2.7079468404871397e-14,71.84645119217528,445.31
-216.28862352650276,-45.97356614513532,71.84645119217528,445.03
-202.00375629830884,-89.93786684408198,71.84645119217528,444.33
-178.89035559831163,-129.97145119217527,71.84645119217528,443.59
-147.95858794750274,-164.3246594509524,71.84645119217528,442.64
-110.5603200193117,-191.49609157452213,71.84645119217528,441.78
-68.33003557900004,-210.29822559608763,71.84645119217528,441.18
-23.113400699997225,-219.90931803625728,71.84645119217528,440.95
23.113400699997143,-219.90931803625728,71.84645119217528,441.01
68.33003557899995,-210.29822559608766,71.84645119217528,441.57
110.56032001931163,-191.49609157452215,71.84645119217528,442.28
147.95858794750268,-164.32465945095242,71.84645119217528,443.31
178.8903555983116,-129.97145119217532,71.84645119217528,444.21
202.00375629830887,-89.93786684408197,71.84645119217528,445.19
216.28862352650276,-45.9735661451354,71.84645119217528,445.72
0.0,0.0,0.0,443.95,Centro
231.22634067312353,0.0,24.30286770972943,446.26
226.17349035587338,48.07465945095235,24.30286770972943,446.35
211.23577320925256,94.04822559608763,24.30286770972943,445.93
187.06603915168807,135.91143298921725,24.30286770972943,445.32
154.72062154074706,171.83465858530488,24.30286770972943,444.6
115.6131703365618,200.24788504703997,24.30286770972943,443.68
71.4528688151263,219.90931803625722,24.30286770972943,443.06
24.16973405756452,229.95965858530488,24.30286770972943,442.6
-24.16973405756454,229.95965858530488,24.30286770972943,442.53
-71.45286881512627,219.90931803625725,24.30286770972943,442.71
-115.61317033656171,200.24788504704,24.30286770972943,443.19
-154.72062154074706,171.83465858530488,24.30286770972943,443.82
-187.06603915168805,135.91143298921727,24.30286770972943,444.5
-211.23577320925256,94.04822559608768,24.30286770972943,445.11
-226.17349035587338,48.074659450952346,24.30286770972943,445.42
-231.22634067312353,2.8317059798389618e-14,24.30286770972943,445.55
-226.17349035587335,-48.07465945095239,24.30286770972943,445.18
-211.23577320925256,-94.04822559608763,24.30286770972943,444.48
-187.0660391516881,-135.91143298921722,24.30286770972943,443.58
-154.72062154074706,-171.8346585853049,24.30286770972943,442.62
-115.61317033656186,-200.24788504703992,24.30286770972943,441.75
-71.45286881512632,-219.90931803625722,24.30286770972943,441.02
-24.169734057564494,-229.9596585853049,24.30286770972943,440.77
24.16973405756441,-229.9596585853049,24.30286770972943,440.93
71.45286881512625,-219.90931803625725,24.30286770972943,441.41
115.6131703365618,-200.24788504703997,24.30286770972943,442.32
154.72062154074698,-171.83465858530496,24.30286770972943,443.3
187.06603915168805,-135.9114329892173,24.30286770972943,444.44
211.23577320925259,-94.04822559608762,24.30286770972943,445.34
226.17349035587335,-48.074659450952474,24.30286770972943,446.07
0.0,0.0,0.0,443.89,Centro
231.22634067312353,0.0,-24.30286770972945,446.31
226.17349035587338,48.07465945095235,-24.30286770972945,446.3
211.23577320925256,94.04822559608763,-24.30286770972945,445.93
187.06603915168807,135.91143298921725,-24.30286770972945,445.34
154.72062154074706,171.83465858530488,-24.30286770972945,444.49
115.6131703365618,200.24788504703997,-24.30286770972945,443.6
71.4528688151263,219.90931803625722,-24.30286770972945,443.02
24.16973405756452,229.95965858530488,-24.30286770972945,442.6
-24.16973405756454,229.95965858530488,-24.30286770972945,442.45
-71.45286881512627,219.90931803625725,-24.30286770972945,442.67
-115.61317033656171,200.24788504704,-24.30286770972945,443.22
-154.72062154074706,171.83465858530488,-24.30286770972945,443.86
-187.06603915168805,135.91143298921727,-24.30286770972945,444.55
-211.23577320925256,94.04822559608768,-24.30286770972945,445.18
-226.17349035587338,48.074659450952346,-24.30286770972945,445.52
-231.22634067312353,2.8317059798389618e-14,-24.30286770972945,445.56
-226.17349035587335,-48.07465945095239,-24.30286770972945,445.27
-211.23577320925256,-94.04822559608763,-24.30286770972945,444.6
-187.0660391516881,-135.91143298921722,-24.30286770972945,443.8
-154.72062154074706,-171.8346585853049,-24.30286770972945,442.87
-115.61317033656186,-200.24788504703992,-24.30286770972945,441.86
-71.45286881512632,-219.90931803625722,-24.30286770972945,441.18
-24.169734057564494,-229.9596585853049,-24.30286770972945,440.85
24.16973405756441,-229.9596585853049,-24.30286770972945,440.93
71.45286881512625,-219.90931803625725,-24.30286770972945,441.47
115.6131703365618,-200.24788504703997,-24.30286770972945,442.3
154.72062154074698,-171.83465858530496,-24.30286770972945,443.3
187.06603915168805,-135.9114329892173,-24.30286770972945,444.35
211.23577320925259,-94.04822559608762,-24.30286770972945,445.27
226.17349035587335,-48.074659450952474,-24.30286770972945,446.02
0.0,0.0,0.0,443.95,Centro
221.1206400386232,0.0,-71.84645119217525,446.25
216.2886235265028,45.97356614513529,-71.84645119217525,446.32
202.00375629830884,89.93786684408198,-71.84645119217525,445.97
178.8903555983116,129.97145119217527,-71.84645119217525,445.35
147.95858794750276,164.32465945095237,-71.84645119217525,444.62
110.56032001931163,191.49609157452215,-71.84645119217525,443.82
68.33003557900001,210.29822559608763,-71.84645119217525,443.18
23.11340069999725,219.90931803625725,-71.84645119217525,442.8
-23.11340069999727,219.90931803625725,-71.84645119217525,442.68
-68.33003557899998,210.29822559608766,-71.84645119217525,442.83
-110.56032001931156,191.49609157452218,-71.84645119217525,443.34
-147.95858794750276,164.32465945095237,-71.84645119217525,443.93
-178.8903555983116,129.9714511921753,-71.84645119217525,444.62
-202.00375629830882,89.93786684408204,-71.84645119217525,445.15
-216.2886235265028,45.97356614513528,-71.84645119217525,445.51
-221.1206400386232,2.7079468404871397e-14,-71.84645119217525,445.56
-216.28862352650276,-45.97356614513532,-71.84645119217525,445.33
-202.00375629830884,-89.93786684408198,-71.84645119217525,444.76
-178.89035559831163,-129.97145119217527,-71.84645119217525,443.94
-147.95858794750274,-164.3246594509524,-71.84645119217525,443.02
-110.5603200193117,-191.49609157452213,-71.84645119217525,442.15
-68.33003557900004,-210.29822559608763,-71.84645119217525,441.55
-23.113400699997225,-219.90931803625728,-71.84645119217525,441.24
23.113400699997143,-219.90931803625728,-71.84645119217525,441.29
68.33003557899995,-210.29822559608766,-71.84645119217525,441.8
110.56032001931163,-191.49609157452215,-71.84645119217525,442.64
147.95858794750268,-164.32465945095242,-71.84645119217525,443.57
178.8903555983116,-129.97145119217532,-71.84645119217525,444.5
202.00375629830887,-89.93786684408197,-71.84645119217525,445.32
216.28862352650276,-45.9735661451354,-71.84645119217525,445.96
0.0,0.0,0.0,443.93,Centro
201.350906379882,0.0,-116.24999999999994,445.99
196.9509059810587,41.863207393129635,-116.24999999999994,446.03
183.94320591556178,81.89679174122293,-116.24999999999994,445.72
162.89630509412356,118.35109330581707,-116.24999999999994,445.23
134.73005407687614,149.63288418139254,-116.24999999999994,444.56
100.67545318994102,174.375,-116.24999999999994,443.91
62.22085190418257,191.49609157452218,-116.24999999999994,443.42
21.046900821438225,200.24788504704,-116.24999999999994,443.09
-21.046900821438243,200.24788504704,-116.24999999999994,442.92
-62.22085190418254,191.49609157452218,-116.24999999999994,443.11
-100.67545318994095,174.37500000000003,-116.24999999999994,443.46
-134.73005407687614,149.63288418139254,-116.24999999999994,444.01
-162.89630509412353,118.3510933058171,-116.24999999999994,444.53
-183.94320591556175,81.89679174122297,-116.24999999999994,445.0
-196.9509059810587,41.86320739312963,-116.24999999999994,445.31
-201.350906379882,2.4658374300354087e-14,-116.24999999999994,445.3
-196.95090598105867,-41.86320739312966,-116.24999999999994,445.01
-183.94320591556178,-81.89679174122293,-116.24999999999994,444.65
-162.8963050941236,-118.35109330581706,-116.24999999999994,443.83
-134.73005407687612,-149.63288418139257,-116.24999999999994,443.15
-100.67545318994108,-174.37499999999994,-116.24999999999994,442.45
-62.22085190418259,-191.49609157452218,-116.24999999999994,441.89
-21.046900821438204,-200.24788504704,-116.24999999999994,441.63
21.04690082143813,-200.24788504704,-116.24999999999994,441.76
62.22085190418252,-191.49609157452218,-116.24999999999994,442.18
100.67545318994102,-174.375,-116.24999999999994,442.73
134.73005407687606,-149.63288418139263,-116.24999999999994,443.62
162.89630509412353,-118.35109330581712,-116.24999999999994,444.36
183.9432059155618,-81.89679174122291,-116.24999999999994,445.15
196.95090598105867,-41.86320739312974,-116.24999999999994,445.64
0.0,0.0,0.0,443.8,Centro
172.78117192349416,0.0,-155.57286597843455,445.61
169.005488768941,35.92322559608764,-155.57286597843455,445.63
157.84345477687336,70.27643385486472,-155.57286597843455,445.46
139.7829043941263,101.55822473044019,-155.57286597843455,445.03
115.61317033656178,128.4014338548647,-155.57286597843455,444.56
86.39058596174709,149.63288418139254,-155.57286597843455,444.16
53.39231843237922,164.32465945095234,-155.57286597843455,443.72
18.060550382747074,171.8346585853049,-155.57286597843455,443.43
-18.060550382747092,171.8346585853049,-155.57286597843455,443.37
-53.392318432379206,164.32465945095237,-155.57286597843455,443.44
-86.39058596174704,149.63288418139254,-155.57286597843455,443.74
-115.61317033656178,128.4014338548647,-155.57286597843455,444.07
-139.7829043941263,101.5582247304402,-155.57286597843455,444.46
-157.84345477687336,70.27643385486475,-155.57286597843455,444.8
-169.005488768941,35.92322559608763,-155.57286597843455,445.06
-172.78117192349416,2.1159590914903567e-14,-155.57286597843455,444.99
-169.00548876894098,-35.92322559608767,-155.57286597843455,444.78
-157.84345477687336,-70.27643385486472,-155.57286597843455,444.41
-139.78290439412632,-101.55822473044017,-155.57286597843455,443.93
-115.61317033656175,-128.40143385486473,-155.57286597843455,443.35
-86.39058596174715,-149.63288418139248,-155.57286597843455,442.81
-53.39231843237924,-164.32465945095234,-155.57286597843455,442.49
-18.06055038274706,-171.8346585853049,-155.57286597843455,442.35
18.060550382746992,-171.8346585853049,-155.57286597843455,442.3
53.392318432379184,-164.32465945095237,-155.57286597843455,442.59
86.39058596174709,-149.63288418139254,-155.57286597843455,443.05
115.6131703365617,-128.40143385486476,-155.57286597843455,443.58
139.7829043941263,-101.55822473044023,-155.57286597843455,444.26
157.8434547768734,-70.2764338548647,-155.57286597843455,444.84
169.00548876894098,-35.92322559608773,-155.57286597843455,445.29
0.0,0.0,0.0,443.84,Centro
136.66007115800002,0.0,-188.09645119217527,445.18
133.67372071930888,28.413226461735093,-188.09645119217527,445.26
124.84518724750554,55.584658585304915,-188.09645119217527,445.16
110.56032001931162,80.32677440391238,-188.09645119217527,444.94
91.44343627899727,101.5582247304402,-188.09645119217527,444.64
68.33003557900003,118.35109330581707,-188.09645119217527,444.31
42.230284440311614,129.9714511921753,-188.09645119217527,444.0
14.284867228193914,135.91143298921727,-188.09645119217527,443.88
-14.284867228193926,135.91143298921727,-188.09645119217527,443.81
-42.23028444031159,129.9714511921753,-188.09645119217527,443.91
-68.33003557899998,118.3510933058171,-188.09645119217527,444.02
-91.44343627899727,101.5582247304402,-188.09645119217527,444.21
-110.5603200193116,80.3267744039124,-188.09645119217527,444.48
-124.84518724750552,55.58465858530494,-188.09645119217527,444.71
-133.67372071930888,28.41322646173509,-188.09645119217527,444.8
-136.66007115800002,1.6736031871489426e-14,-188.09645119217527,444.76
-133.67372071930888,-28.413226461735114,-188.09645119217527,444.63
-124.84518724750554,-55.584658585304915,-188.09645119217527,444.39
-110.56032001931163,-80.32677440391235,-188.09645119217527,444.08
-91.44343627899725,-101.55822473044022,-188.09645119217527,443.66
-68.33003557900007,-118.35109330581705,-188.09645119217527,443.29
-42.23028444031163,-129.9714511921753,-188.09645119217527,443.11
-14.2848672281939,-135.9114329892173,-188.09645119217527,442.91
14.284867228193848,-135.9114329892173,-188.09645119217527,442.99
42.23028444031158,-129.9714511921753,-188.09645119217527,443.14
68.33003557900003,-118.35109330581707,-188.09645119217527,443.5
91.44343627899721,-101.55822473044024,-188.09645119217527,443.91
110.5603200193116,-80.32677440391241,-188.09645119217527,444.3
124.84518724750555,-55.58465858530491,-188.09645119217527,444.72
133.67372071930888,-28.413226461735164,-188.09645119217527,445.0
0.0,0.0,0.0,443.77,Centro
94.5662695151236,0.0,-212.39931890190468,444.9
92.49976963656458,19.66143298921728,-212.39931890190468,444.97
86.39058596174712,38.463567010782754,-212.39931890190468,444.93
76.50571913237651,55.584658585304936,-212.39931890190468,444.8
63.277185261749864,70.27643385486475,-212.39931890190468,444.57
47.283134757561804,81.89679174122296,-212.39931890190468,444.39
29.222584374814712,89.93786684408202,-212.39931890190468,444.28
9.884866829370614,94.04822559608768,-212.39931890190468,444.12
-9.884866829370623,94.04822559608768,-212.39931890190468,444.06
-29.2225843748147,89.93786684408204,-212.39931890190468,443.99
-47.283134757561776,81.89679174122297,-212.39931890190468,444.07
-63.277185261749864,70.27643385486475,-212.39931890190468,444.12
-76.5057191323765,55.58465858530494,-212.39931890190468,444.21
-86.3905859617471,38.463567010782775,-212.39931890190468,444.31
-92.49976963656458,19.661432989217275,-212.39931890190468,444.42
-94.5662695151236,1.1581027926900203e-14,-212.39931890190468,444.47
-92.49976963656457,-19.661432989217293,-212.39931890190468,444.37
-86.39058596174712,-38.463567010782754,-212.39931890190468,444.22
-76.50571913237651,-55.58465858530492,-212.39931890190468,444.14
-63.27718526174985,-70.27643385486476,-212.39931890190468,443.88
-47.28313475756184,-81.89679174122294,-212.39931890190468,443.69
-29.222584374814723,-89.93786684408202,-212.39931890190468,443.59
-9.884866829370605,-94.04822559608769,-212.39931890190468,443.56
9.88486682937057,-94.04822559608769,-212.39931890190468,443.61
29.22258437481469,-89.93786684408204,-212.39931890190468,443.69
47.283134757561804,-81.89679174122296,-212.39931890190468,443.96
63.27718526174982,-70.27643385486478,-212.39931890190468,444.11
76.5057191323765,-55.58465858530495,-212.39931890190468,444.39
86.39058596174714,-38.46356701078275,-212.39931890190468,444.61
92.49976963656457,-19.661432989217328,-212.39931890190468,444.74
0.0,0.0,0.0,443.81,Centro
48.339468115129044,0.0,-227.41931717060982,444.45
47.283134757561776,10.050340549047645,-227.41931717060982,444.47
44.16030152143548,19.661432989217268,-227.41931717060982,444.4
39.1074512041853,28.413226461735086,-227.41931717060982,444.43
32.34541761094099,35.92322559608764,-227.41931717060982,444.35
24.16973405756453,41.86320739312963,-227.41931717060982,444.28
14.937717146620784,45.97356614513528,-227.41931717060982,444.21
5.052850317250172,48.07465945095235,-227.41931717060982,444.19
-5.052850317250177,48.07465945095235,-227.41931717060982,444.08
-14.937717146620779,45.97356614513529,-227.41931717060982,444.1
-24.16973405756451,41.86320739312963,-227.41931717060982,444.09
-32.34541761094099,35.92322559608764,-227.41931717060982,444.13
-39.1074512041853,28.413226461735093,-227.41931717060982,444.14
-44.16030152143547,19.66143298921728,-227.41931717060982,444.12
-47.283134757561776,10.050340549047645,-227.41931717060982,444.15
-48.339468115129044,5.9198774899678325e-15,-227.41931717060982,444.12
-47.28313475756177,-10.050340549047654,-227.41931717060982,444.07
-44.16030152143548,-19.661432989217268,-227.41931717060982,444.06
-39.10745120418531,-28.413226461735082,-227.41931717060982,444.02
-32.345417610940984,-35.92322559608764,-227.41931717060982,443.87
-24.169734057564543,-41.86320739312961,-227.41931717060982,443.86
-14.93771714662079,-45.97356614513528,-227.41931717060982,443.89
-5.052850317250167,-48.07465945095235,-227.41931717060982,443.84
5.052850317250149,-48.07465945095235,-227.41931717060982,443.88
14.937717146620773,-45.97356614513529,-227.41931717060982,443.98
24.16973405756453,-41.86320739312963,-227.41931717060982,444.02
32.34541761094097,-35.923225596087654,-227.41931717060982,444.08
39.1074512041853,-28.413226461735096,-227.41931717060982,444.14
44.16030152143548,-19.661432989217264,-227.41931717060982,444.25
47.28313475756177,-10.050340549047672,-227.41931717060982,444.32
0.0,0.0,0.0,443.81,Centro
0.0,0.0,-232.5,444.08
